id,modo,fecha,torneo,jornada,equipo,rival,condicion,nivel_dato,F,C,P,S,IE,p_echada,p_fractura,p_gol_fractura,riesgo_compuesto,tipo_modal,ventana_modal,se_echo,minuto_real,tipo_real,se_partio,gol_en_echada,minuto_gol,resultado,banda_acertada,ventana_error,tipo_acertado,compuertas_operadas,ise,p_sobreexposicion,p_gol_sobreexposicion,se_expuso,gol_en_sobreexposicion,esquema_P,IE_recomputado_esquema6,estado_recomputo_esq6,leccion,modo_evaluacion,estado_marcador,IE_recomputado_v015,seleccion,acierto_no_testeado,IE_recomputado_v017,IE_recomputado_motor,clase_caso,gol_del_partido,gol_del_tramo_final,XI_confirmado
TDE-001,RETRO,2026-08-02,Liga 1 Clausura 2026,F3,Deportivo Moquegua,FBC Melgar,L,B,0.70,0.15,0.40,0.30,5.6,55,20,30,3.3,ECHADA-VOL,45-60,si,50,ECHADA-VOL,no,no,,0-0,,,,,,,,,,4ind_o_5ind,,bloqueado,Bloque bajo entrenado sostiene los 90 minutos. IE alto sin fractura. Calibra P(fractura) a la baja cuando C1 es bloque documentado,PRE,,,por_resultado,,,,normal,,,
TDE-002,RETRO,2026-08-01,Liga 1 Clausura 2026,F3,FC Cajamarca,Sport Huancayo,L,B,0.80,0.85,0.70,0.55,7.4,80,55,45,19.8,ECHADA-FIS,45-60,si,13,ECHADA-SUP,si,si,13,0-2,,,,,,,,,,4ind_o_5ind,,bloqueado,Posesion 53 por ciento y ya estaba echado. La posesion en tercio propio no descarta la echada. El tipo real fue SUP no FIS porque ocurrio antes del minuto 45,PRE,,,por_resultado,,,,normal,,,
TDE-003,RETRO,2026-02-21,Liga 1 Apertura 2026,F5,FBC Melgar,FC Cajamarca,V,C,0.60,0.50,0.85,0.35,6.0,58,45,55,14.4,ECHADA-PSI,75-90,si,70,ECHADA-PSI,si,si,77,1-3,,,,,,,,,,4ind_o_5ind,,bloqueado,Caso fundacional del modulo. Favorito con ventaja desde el minuto 42 concede tres goles entre 77 y 90 mas 1. El ejecutor fue Barcos hoy en otro club - la leccion es del mecanismo no del rival,PRE,,,por_resultado,,,,normal,,,
TDE-004,RETRO,2026-07-25,Liga 1 Clausura 2026,F2,FBC Melgar,Sporting Cristal,L,B,0.50,0.30,0.55,0.30,4.7,40,25,50,5.0,ECHADA-VOL,75-90,parcial,70,ECHADA-VOL,no,no,,2-1,,,,,,,,,,4ind_o_5ind,,bloqueado,Contradice el automatismo del favorito. Se echo y no se partio con Tandazo acompañando el descenso de la linea. Refuerza el peso de C2,PRE,,,por_resultado,,,,normal,,,
TDE-005,DECLARADO,2026-08-09,Liga 1 Clausura 2026,F4,FBC Melgar,FC Cajamarca,L,B,0.55,0.35,0.55,0.30,4.6,38,22,45,3.8,ECHADA-VOL,75-90,si,20,ECHADA-PSI,si,si,25,2-4,si,4,no,,,,,,,4ind_o_5ind,,bloqueado,"CERRADO. Falso negativo de manual - el cuadrante 3 que faltaba. Se adelanto 1-0 al minuto 10 de corner y retrocedio en cuanto tuvo la ventaja. Empate al 25 tras penal atajado por Cabezudo y mala salida del propio arquero en la jugada siguiente. Al 55 ya estaba 1-2 y desde ahi dejo de ser echada para ser partido roto (regla 3 de disciplina). El IE 4.6 no vio nada: la ventana declarada 75-90 fallo por 4 ventanas y el tipo declarado VOL era en realidad PSI. El falsador literal no se gatillo porque retrocedio ganando, no perdiendo - el falsador estaba mal redactado",PRE,,,ciega,,,,normal,,,
TDE-006,DECLARADO,2026-08-09,Liga 1 Clausura 2026,F4,FC Cajamarca,FBC Melgar,V,B,0.80,0.85,0.75,0.60,7.6,82,58,55,26.1,ECHADA-FIS,60-75,no,,,no,no,,4-2,no,,no,,,,,,,4ind_o_5ind,,bloqueado,"CERRADO. Falso positivo severo. IE 7.6 con 82 por ciento de echada declarada y el equipo gano 4-2 de visitante en Arequipa despues de ir 0-1 abajo. Nunca retrocedio. Recibir el primer gol como visitante sin nada que perder libero al equipo en lugar de replegarlo: P1 estaba puntuado 1 por la clausula 'equipo que espera recibir el primer gol', que es el error de rubrica mas grave detectado hasta ahora. F3 tambien mal puntuado - el banco de Cajamarca tiene impacto documentado (Barcos triplete desde el banco en febrero, Arrasco decisivo hoy). El falsador SI se gatillo: sostuvo la estructura pasado el 75",PRE,,,ciega,,,,normal,,,
TDE-007,RETRO,2026-08-02,Liga 1 Clausura 2026,F3,Cienciano,Universitario,L,B,0.50,0.67,0.25,0.17,4.2,35,48,45,7.6,ECHADA-FIS,60-75,no,,,no,no,,2-0,si,,,,,,,,,4ind_o_5ind,,bloqueado,"Cubre parcialmente el cuadrante 6 (altura extrema 3400 msnm). Cienciano gano 1-0 al minuto 33 y tenia 57 minutos por administrar en su tercer partido en siete dias, sin bloque bajo entrenado (C1 igual a 1) y con banco corto. No se echo: sostuvo presion alta y marco al 81 de contragolpe. Clave - el rival no podia superar la primera linea de presion (S3 igual a 0), asi que la echada nunca fue forzada. Hipotesis de calibracion: S3 funciona como condicion habilitante y no como un indicador mas",PRE,,,ciega,,,,normal,,,
TDE-008,DECLARADO,2026-08-16,Liga 1 Clausura 2026,F5,Cienciano,Deportivo Garcilaso,L,C,0.75,0.67,0.63,0.50,6.6,62,48,42,12.5,ECHADA-FIS,60-75,,,,,,,,,,,,,,,,,4ind_o_5ind,,bloqueado,"Declarado pre-partido. Clasico cusqueño intercalado entre ida y vuelta de octavos de Sudamericana ante Botafogo. F alto por calendario y plantel corto declarado por el DT, P alto por relevancia asimetrica que invita a administrar. Falsador - si Melgarejo rota 3 o mas titulares y el equipo sostiene la estructura pasado el 75, el bloque F esta sobrevalorado para equipos con localia de altura",PRE,,,ciega,,,,normal,,,
TDE-009,DECLARADO,2026-08-16,Liga 1 Clausura 2026,F5,Universitario,FC Cajamarca,V,C,0.25,0.67,0.75,0.67,5.4,52,48,55,13.7,ECHADA-PSI,45-60,,,,,,,,,,,,,,,,,4ind_o_5ind,,bloqueado,"Declarado pre-partido. Cubre el cuadrante del favorito visitante en altura (2750 msnm) ante recien ascendido. Ventana declarada 45-60 y no 60-75 - es la primera aplicacion de la correccion post TDE-005/006 sobre el sesgo de ventana tardia, activada porque S3 igual a 1 (Cajamarca acaba de meter 4 goles de visita en Arequipa). Falsador - si se echa despues del 75 o no se echa, el adelanto de ventana estaba mal",PRE,,,ciega,,,,normal,,,
TDE-011,RETRO,2026-08-09,Liga AUF Uruguaya Clausura 2026,F1,Cerro,Danubio,V,B,0.38,0.33,0.63,0.50,4.5,35,30,40,4.2,ECHADA-VOL,75-90,no,,,no,no,,bloque sostenido 90 min,si,,,"origen de las compuertas 2 y 3 - recomputo esquema 6: compuerta 1 ACTIVA (P1a igual a 0, visitante no favorito por mu 1.23 vs 1.55) pero sin efecto numerico porque el promedio ya daba 0.50 - compuerta 2 activa (C1 igual a 0, S2 topeado en 0.5) - regla n/a de S3 aplicada",4.4,35,35,no,no,4ind,4.2,hecho,"RETRO. Origen de las compuertas 2 y 3. Bloque bajo estructural sostenido los 90 minutos. Los cambios defensivos estaban dentro de un plan ensayado, asi que S2 no debia puntuar alto con C1 por debajo de 1 (compuerta 2). El ruido institucional del caso no llegaba al vestuario, lo que motivo el desdoble de P4 (compuerta 3). Aporta la firma de BLOQUE SOSTENIDO como proxy negativo: 67 minutos administrando un 1-0 sin conceder un solo remate desde el borde del area. Cubre parcialmente el cuadrante 4 pero en equipo chico. Entra en la lista de la banda 5-7 sobreestimada | RECONCILIACION v0.1.3.1 con la salida de Regresion al Nivel: mu del partido 1.23 contra 1.55, gap 0.10 equilibrio tiende a mejorar, ajustado menos 0.07, forma ultimos 5 de 1.20 pts, 15o con 228 PJ. P1a igual a 0 confirmado por el numero: no es favorito ni tiene ventaja esperada que administrar. Recomputado sobre el esquema de 6 indicadores el bloque P baja de 0.63 a 0.50 y el IE de 4.5 a 4.2, misma banda, el veredicto de acierto se sostiene. La compuerta 1 se activa aqui por primera vez en el registro y no cambia el numero: queda como primer caso de compuerta activa sin efecto",PRE,,,ciega,,,,normal,,,
TDE-012,RETRO,2026-08-09,Liga AUF Uruguaya Clausura 2026,F1,Danubio,Cerro,L,B,0.50,1.00,0.63,0.33,6.2,55,60,40,13.2,ECHADA-PSI,30-45,no,,,no,no,,recibio al 23 y fue al frente 67 min sin segundo gol,no,,no,"compuerta 1 evaluada y NO activada tras corregir P1a de 0 a 0.5 - compuerta 2 no aplica (C1 igual a 1) - compuerta 3 activada (P4 a 0.5) - banda 5-7 ACTIVA, advertencia obligatoria en el output",6.7,55,40,si,no,4ind,6.9,hecho,"RETRO. Segundo falso positivo de banda media y el caso que puso la banda 5-7 bajo sospecha formal. Recibio al 23 y fue al frente los 67 minutos restantes sin conceder el segundo gol. P1a mal puntuado por narrativa: el modulo daba al equipo como favorito (mu 1.55 vs 1.23, gap ajustado mas 0.35) y se le asigno 0 por el relato de crisis. Con P1a igual a 0.5 el IE sube de 6.2 a 6.5 y la compuerta 1 ni se activa, o sea que el error de procedimiento no era conservador sino ruido. Nota cruzada con el EFE: COLAPSO EN CASCADA estaba activo y no se cumplio. Tercera evidencia a favor de mantener la goleada calibrada en 8-15 por ciento y no en 30-40 | RECONCILIACION v0.1.3.1 con la salida de Regresion al Nivel: mu del partido 1.55 contra 1.23, diferencial mas 0.32, gap 0.47 leve tiende a mejorar, ajustado mas 0.28, forma ultimos 5 de 0.80 pts (cinco sin ganar), 14o con 248 PJ. Se confirman los numeros que el parche citaba (mu 1.55 vs 1.23, gap ajustado mas 0.35). Recomputado sobre el esquema de 6 indicadores el bloque P sube de 0.63 a 0.75 y el IE de 6.2 a 6.5, misma banda. ITEM ABIERTO: la rubrica dice que favorito con ventaja esperada es 1 y el parche asigno 0.5 al mismo equipo que declara favorito por mu. Con P1a igual a 1 el bloque P sube a 0.83 y el IE a 6.9, misma banda pero otro numero. Hace falta definir que cuenta como favorito antes de poder puntuar P1a sin criterio propio. APORTE A LA VIA 2: recibio al 23 y fue al frente 67 minutos con ISE 6.7 y P(sobreexposicion) 55 por ciento SIN conceder el segundo gol. Es el control negativo que le faltaba al ISE y cubre parcialmente el cuadrante 9. Cuarta evidencia a favor de la goleada calibrada en 8-15 por ciento: COLAPSO EN CASCADA estaba activo y el equipo no se desintegro tras recibir | v0.1.4: cerrada la definicion de favorito con la Ley de Regresion al Nivel del motor. El input de P1a es mu_partido, nunca el gap. Danubio mu 1.55 contra 1.23 es mas 0.32 y corrigiendo la localia uruguaya (real mas 0.48 a mas 0.73 contra el mas 0.382 de mu) el margen sube a mas 0.44 o mas 0.64, supera el umbral de 0.30 y P1a pasa a 1. Bloque P 0.83 e IE recomputado 6.9, misma banda que el 6.2 declarado y que el 6.5 del parche. El umbral de 0.30 esta prestado de los umbrales del gap y sigue sin validar",PRE,,,ciega,,,,normal,,,
TDE-013,RETRO,2026-08-09,Liga AUF Uruguaya Clausura 2026,F1,Montevideo Wanderers,Defensor Sporting,V,C,0.38,0.17,0.33,0.25,3.0,22,18,40,1.6,BLOQUE BAJO ESTRUCTURAL (sin echada),75-90,no,,,no,no,,gano 0-1 de visitante,si,,si,compuerta 1 evaluada y no activada (P1a 0.5) - compuerta 2 activada sin efecto numerico (S2 ya era 0) - compuerta 3 activada (P4 a 0.5) - regla n/a de S3 aplicada,1.7,18,35,no,no,6ind,3.0,hecho,"RETRO. Tercera confirmacion de la leccion de TDE-001 y TDE-011: repliegue entrenado con C1 igual a 0 y ocho partidos de rodaje sostiene los 90 minutos sin fractura. Siete fechas del Intermedio invicto con 4 goles en contra mas la final. Gano de contragolpe al minuto 90 con tres suplentes en la jugada (Sanchez cambio de frente, Rivero remato, Labandeira al rebote). Aportes de rubrica: regla n/a de S3, porque se lo habia puntuado 0.5 por saber el rival salir jugando cuando este equipo no presiona alto y no tiene primera linea que pueda ser superada; y separacion de P1c, porque estaba 6o en la Anual y en zona de descenso por promedios al mismo tiempo. Con las tres compuertas y la regla n/a apiladas el IE baja de 3.4 a 3.0",PRE,,,ciega,,,,normal,,,
TDE-014,RETRO,2026-08-09,Liga AUF Uruguaya Clausura 2026,F1,Defensor Sporting,Montevideo Wanderers,L,C,0.25,0.67,0.58,0.33,4.4,35,50,55,9.6,SOB,75-90,no,,SOB,no,no,90,perdio 0-1 de local,si,0,no,"compuerta 1 evaluada y NO activada tras corregir P1a de 0 a 0.5 con el mu del partido - compuerta 2 no aplica (C1 igual a 1) - compuerta 3 activada (P4 a 0.5) - S3 puntuado normal, el equipo si presiona alto",10.0,80,55,si,si,6ind,4.4,hecho,"RETRO. EL CASO QUE OBLIGO A ABRIR LA VIA 2. El IE 4.4 acerto en decir que no se echaria y no vio el gol, porque el mecanismo fue el espejo del que mide. Concedio al minuto 90 de contragolpe con los dos laterales arriba y sin volante de contencion tras un cambio de frente. Reconstruido con el ISE: SOB1 igual a 1 (local obligado, objetivo de copa a siete puntos, ocho partidos sin ganar recien cortados), SOB2 igual a 1 (rest defense inexistente ya documentado en el Bloque H del EFE de la misma sesion), SOB3 igual a 1 (rival con contragolpe como plan A y banco de piernas frescas) da ISE 10 y P(sobreexposicion) 80 por ciento. Segundo error de procedimiento de P1a identico al de TDE-012: se puntuo 0 por narrativa y con el mu del partido (1.30 vs 1.46, diferencial menos 0.16, corrigiendo la localia sudamericana real de mas 0.5 a 0.7 contra el mas 0.38 de mu) queda empate tecnico y P1a igual a 0.5. Hallazgo que bloquea el candidato de P1a por mu: el gap diferencial ajustado era mas 0.72 y el diferencial de mu menos 0.16, apuntan en direcciones opuestas y darian P1a 1 contra P1a 0.5. Advertencias: es RETRO y el ISE se construyo conociendo el resultado, y la salida de Regresion al Nivel usada era un snapshot post-partido con la forma de los ultimos 5 incluyendo este partido | v0.1.4: el hallazgo de este caso queda confirmado por el motor. mu_partido y gap son cantidades distintas por construccion: mu_partido usa rival y localia reales y responde quien es favorito, el gap compara la forma contra una expectativa generica con rival 2.0 y localia 0.5. Que dieran mas 0.72 y menos 0.16 no era una inconsistencia del dato sino dos preguntas distintas. El numero correcto para P1a era mu y daba 0.5, o sea que la puntuacion recomputada en este caso se sostiene sin cambios",PRE,,,ciega,,,,normal,,,
TDE-015,RETRO,2026-08-09,Liga AUF Uruguaya Clausura 2026,F1,Boston River,Nacional,V,B,0.38,0.67,0.58,0.67,5.5,48,47,45,10.2,ECHADA-VOL,75-90,no,,,no,no,,gano 1-2 de visitante,si,,,"compuerta 1 evaluada y NO activada (P1a igual a 1 por ventaja ya obtenida) - compuerta 2 NO aplica (C1 igual a 1) - compuerta 3 evaluada y no activada (P4 igual a 0) - banda 5-7 ACTIVA, advertencia obligatoria",3.3,28,35,no,no,6ind,5.3,hecho_sin_procedencia,"RETRO. Faltaba el tercer partido de la fecha 1 del Clausura uruguayo en el registro. IE CONDICIONAL al escenario 2-1 desde el minuto 65, no es un IE pre-partido: el modulo no tiene modo formal para IE de ventana y queda declarado como observacion, no como validacion. Protegio un 2-1 de visitante en el Gran Parque Central durante 25 minutos con repliegue improvisado (C1 igual a 1), zaga rearmada por sanciones y publico hostil al rival, y NO concedio. Nacional no genero una sola ocasion clara; su unica llegada fue al 90 mas 7 de un centro largo con catarata de rebotes. Firma de BLOQUE SOSTENIDO: 1 de 3 senales confirmada (sin remates limpios desde el borde del area), 2 sin dato con Nivel B, asi que la firma NO se declara completa. Falsador en zona gris por el rebote del 90 mas 7. CUARTO caso de la banda 5-7 sin echada junto a TDE-006, TDE-011 y TDE-012: los cuatro comparten C1 igual a 1, lo que sugiere que el driver no es solo el peso del bloque C sino que C1 empuja hacia arriba en cualquier equipo sin bloque bajo entrenado. F3 puntuado 0.5 por regla de procedencia: el unico impacto documentado desde el banco en 2026 es el gol de Gaston Ramirez al 90 en la fecha 1 del Apertura, contra este mismo rival | RECONCILIACION v0.1.4 con la salida de Regresion al Nivel (recibida despues de declarar): mu del partido 0.84 contra 1.94, gap 0.75 fuerte tiende a mejorar, ajustado 0.53, forma ultimos 5 de 0.40 pts, 12o con 262 PJ, confianza mu MEDIA. Tiene el mu mas bajo por 1.10, muy por encima del umbral de 0.30, asi que la regla de input inviolable de v0.1.4 manda sobre la clausula ventaja ya obtenida con la que se habia puntuado: P1a pasa de 1 a 0, se ACTIVA la compuerta 1 y el bloque P se topea en 0.50 (bajaba de 0.58). IE recomputado 5.3, misma banda. Segunda activacion de la compuerta 1 en el registro y la primera con efecto numerico. ITEM ABIERTO NUEVO: la escala de P1a de v0.1.4 no tiene casillero para un NO favorito que YA obtuvo la ventaja, que es el escenario clasico de echada (el chico aguantando de visitante). Puntuado por mu, el modulo asigna riesgo psicologico bajo a los 25 minutos mas peligrosos del partido. No se resuelve por decision propia | v0.1.5: MODO COND formalizado y este es el caso que lo obligo. Con el modo condicional de ventana P1a vuelve a 1 por ventaja obtenida, la compuerta 1 NO se activa y el IE vuelve a 5.5, igual que el declarado. El 5.3 de la reconciliacion estricta de v0.1.4 queda como el sintoma numerico de un hueco de definicion, no como una correccion de estimacion. Se activa ademas la bandera VENTAJA-INESPERADA (ventaja obtenida por el equipo de mu mas bajo por 1.10) como agravante declarado de P(fractura dado echada), sin coeficiente numerico porque con un solo caso seria inventar precision. Este caso no acredita validacion predictiva por ser COND",COND,2-1 a favor desde el 65 - ventana evaluada 65-90,5.5,ciega,,,,normal,,,
TDE-016,RETRO,2026-08-09,Liga AUF Uruguaya Clausura 2026,F1,Nacional,Boston River,L,B,0.38,0.83,0.50,0.50,5.4,47,60,55,15.5,SOB,75-90,no,,SOB,no,no,,perdio 1-2 de local,si,0,si,"compuerta 1 ACTIVA CON EFECTO NUMERICO (P1a igual a 0 topea el bloque P en 0.5, bajaba de 0.67) - compuerta 2 NO aplica (C1 igual a 1) y S2 ya era 0 - compuerta 3 ACTIVADA (P4 a 0.5 por publico hostil que no llega al vestuario) - banda 5-7 ACTIVA",10.0,80,55,si,no,6ind,5.4,hecho,"RETRO. Segundo caso del registro con ISE 10 y el primero que NO concedio. Necesitaba el gol los ultimos 25 minutos tras el 1-2 del minuto 65: SOB1 igual a 1, SOB2 igual a 1 heredado directo del Bloque H y del M4 del DTP de la misma sesion (rest defense inexistente, el 1-2 nacio exactamente de eso) y SOB3 igual a 1 (rival con contragolpe como plan A y banco con Ramirez y Avenatti). Se expuso: termino con Boggio de lateral improvisado, debut absoluto de Benjamin Nunez y sin volante de contencion. El falsador se confirmo en sentido inverso. HALLAZGO DECLARABLE: la explicacion de que no concediera no esta en su propia estructura sino en la del rival, que ganando de visitante eligio administrar en lugar de contragolpear con volumen. La echada voluntaria de un equipo puede cancelar la sobreexposicion del otro y el modulo no modela esa interaccion. Con TDE-014 la via 2 va 1 gol en 2 casos de ISE 10, frecuencia observada 50 por ciento, consistente con la P(gol dado sobreexposicion) de 55 por ciento que la tabla asigna al perfil de rival mas peligroso. Es el primer dato que la via 2 tiene sobre si misma | RECONCILIACION v0.1.4: mu del partido 1.94 contra 0.84, gap 0.10 equilibrio, ajustado 0.07, forma ultimos 5 de 1.40 pts, nivel 2.33, 7o con 326 PJ. El numero dice lo contrario que el estado de la ventana y hay que decirlo: por mu Nacional era favorito claro, pero P1a igual a 0 se sostiene por la segunda clausula de la escala (necesita ganar y va a ir al frente), que en la ventana 65-90 era un hecho observable y no una narrativa. IE sin cambios. TRAMPA 1 CONFIRMADA: la forma de los ultimos 5 incluye este mismo partido (la L mas reciente del local y la W mas reciente del visitante son el 1-2 del 09.08), asi que el mu de la fecha 1 no es limpio para un calculo pre-partido y la recomputacion de TDE-015 y TDE-016 hereda la limitacion. La direccion es tan amplia (1.10) que no se invierte al quitar un partido, pero la magnitud no es utilizable. Nota adicional: el gap diferencial menos 0.65 y el diferencial de mu mas 1.10 apuntan en direcciones opuestas, segunda aparicion del hallazgo de TDE-014 | v0.1.5: marcado COND. P1a igual a 0 se sostiene en el modo condicional (va perdiendo y necesita ganar), asi que el IE no cambia. Este caso da origen a la REGLA DE INTERACCION ENTRE VIAS de INDICE_IE.md y a la disciplina 14 del SKILL: la echada voluntaria del rival cancelo la sobreexposicion propia. Obligatorio declarar la interaccion al estimar P(gol dado sobreexposicion) y prohibido aplicarle coeficiente hasta N igual o mayor a 8 en la via 2",COND,1-2 en contra desde el 65 - ventana evaluada 65-90,5.4,ciega,,,,normal,,,
TDE-017,DECLARADO,2026-08-15,Liga AUF Uruguaya Clausura 2026,F2,Nacional,Racing,V,C,0.38,0.83,0.50,0.50,5.4,47,60,55,15.5,SOB,75-90,,,,,,,,,,,"compuerta 1 ACTIVA CON EFECTO (P1a igual a 0 topea el bloque P en 0.5, bajaba de 0.583) - compuerta 2 NO aplica (C1 igual a 1) - compuerta 3 ACTIVADA (P4 a 0.5) - banda 5-7 ACTIVA, advertencia obligatoria en el output",8.3,72,50,,,6ind,4.9,hecho,"DECLARADO pre-partido. AVISO: la fecha 2 no tenia fijacion oficial de la Mesa Ejecutiva al declarar; rival y sede proyectados por espejo del fixture del Apertura y la suspension de City Torque contra Penarol de la fecha 1 puede correr la fecha. Si el rival cambia, la fila se anula y se vuelve a declarar sin reescribirla. SIN salida de Regresion al Nivel en la sesion: P1a se puntuo con criterio cualitativo declarado y no con mu_partido calculado. Racing es local, campeon del Apertura 2026 y tercero de la Anual con 41 puntos contra 35 del visitante; corrigiendo la localia uruguaya real el margen a favor del local supera 0.30, asi que Nacional tiene el mu mas bajo y ademas necesita ganar. Tipo modal SOB porque el ISE 8.3 supera al IE 5.4: es el tercer registro consecutivo del mismo mecanismo en este equipo. Falsador - si Nacional termina el partido con un volante de contencion fijo por delante de los centrales y sin que sus dos laterales esten simultaneamente por delante de la linea media en el tramo 75-90, el diagnostico SOB estaba mal asignado | RECONCILIACION v0.1.4 antes del partido: el criterio cualitativo declarado queda VALIDADO por el numero. mu_partido de Nacional para este partido es 1.00 y el motor etiqueta el rival como duro; Racing es local y de nivel superior, el margen supera 0.30, P1a igual a 0 confirmado y la compuerta 1 sigue activa con efecto. Lo que cambia es F2: el motor confirma 6 dias de descanso, sin viaje, y el partido siguiente (Progreso de local) es accesible, asi que F2 baja de 0.5 a 0 y el bloque F de 0.38 a 0.25. IE recomputado 4.9 y el caso SALE de la banda 5-7, con lo que la advertencia de banda deja de aplicar. P(echada) baja de 47 a 42 por ciento y el riesgo compuesto de la via 1 de 15.5 a 13.9 por ciento. La lectura no se mueve: tipo modal SOB con ISE 8.3 y via 2 en 36 por ciento. La fila declarada no se sobreescribe y la lectura operativa del partido es la recomputada | v0.1.5: lectura operativa IE 4.9 con la regla de procedencia del dato de F2 (dias de descanso y dureza del proximo rival del motor, no a ojo). Primera vez que esa regla mueve un IE de banda: sale de 5-7 y la advertencia deja de aplicar",PRE,,4.9,ciega,,,,normal,,,
TDE-018,DECLARADO,2026-08-15,Liga AUF Uruguaya Clausura 2026,F2,Boston River,Danubio,L,C,0.38,0.50,0.67,0.67,5.3,46,35,40,6.4,SOB,75-90,,,,,,,,,,,"compuerta 1 evaluada y NO activada (P1a igual a 0.5, escenario abierto) - compuerta 2 NO aplica (C1 igual a 1) - compuerta 3 evaluada y no activada (P4 igual a 0, ambiente sano) - regla n/a de S3 NO aplicada porque el equipo presiona - banda 5-7 ACTIVA",6.7,55,40,,,6ind,5.9,hecho,"DECLARADO pre-partido, mismo aviso de fijacion no oficial que TDE-017. C3 ACTUALIZADO DESDE TDE-015 de 0.5 a 0: sostuvo el 2-1 en el Gran Parque Central 25 minutos sin conceder ocasion clara y con el 0-1 en Progreso ya son dos ventajas de un gol sostenidas esta temporada, asi que el bloque C baja de 0.67 a 0.50. Es la primera vez que el registro se retroalimenta dentro de la misma sesion. P1a igual a 0.5 por criterio cualitativo declarado: local contra un rival en zona de descenso que acaba de perder en casa, dos equipos de aproximadamente 1.00 ppp, margen de mu dentro de 0.30. Si el umbral de 0.30 estuviera mas abajo, P1a igual a 1 sube el bloque P a 0.75 y el IE a 5.5. CUADRANTE NUEVO declarado: partido de seis puntos en el que ambos equipos necesitan ganar, asi que las dos SOB1 valen 1 y la regla de asimetria del modulo (uno aguanta, el otro busca) no se cumple. Ninguno de los dos es candidato a echada. Falsador - si Boston River termina el partido con los dos laterales por detras de la linea media en el tramo 75-90 y sin faltas tacticas propias en el circulo central, el diagnostico SOB estaba mal asignado | RECONCILIACION v0.1.4 antes del partido: se cumple el escenario que la propia fila declarada anticipo. mu_partido de Boston River es 1.50 con rival etiquetado blando; Danubio es visitante, viene de perder en su casa y esta en zona de descenso, el margen supera 0.30 y P1a pasa de 0.5 a 1, con lo que el bloque P sube de 0.67 a 0.75 tal como estaba previsto. Y F2 sube de 0 a 0.5 porque el motor da 5 dias de descanso y no 6, lo que cae en la franja media: bloque F de 0.38 a 0.50. IE recomputado 5.9, sigue en la banda 5-7 y la advertencia se mantiene. P(echada) 46 a 55 por ciento, riesgo de via 1 a 7.7 por ciento y via 2 en 22 por ciento: el tipo modal sigue siendo SOB pero la brecha entre las dos vias se cierra. SALVEDAD: el mu_partido de Danubio no esta en el panel y el margen se infiere de la etiqueta blando mas su condicion de visitante en zona de descenso. La fila declarada no se sobreescribe y la lectura operativa del partido es la recomputada | v0.1.5: lectura operativa IE 5.9. Aporta el CUADRANTE 10 al listado de faltantes (partido de seis puntos con las dos SOB1 en 1, donde la regla de asimetria del modulo no aplica) y el precedente de retroalimentacion del registro dentro de una misma sesion via C3",PRE,,5.9,ciega,,,,normal,,,
TDE-021,RETRO,2026-08-10,LigaPro Serie A Ecuador 2026 Primera Etapa,F24,Deportivo Cuenca,Manta FC,L,B,0.38,0.83,0.92,0.50,6.3,55,60,38,12.5,SOB,75-90,no,,SOB,no,no,84,perdio 1-2 de local,si,0,si,"compuerta 1 evaluada y NO activada (P1a igual a 1 por mu_partido 1.83 contra 0.97, margen 0.86 confirmado por el motor) - compuerta 2 NO aplica (C1 igual a 1) - compuerta 3 evaluada y NO activada (P4 igual a 1, impagos que tocan al plantel) - advertencia de escala completa ACTIVA",8.3,72,40,si,si,6ind,6.3,hecho,"RETRO CIEGO, declarado despues del partido: NO acredita credito predictivo. Riesgo del tramo final tomado por la via 2 (28.8 por ciento) sobre la via 1 (12.5), tipo modal SOB, y el gol llego al 84 dentro de la ventana 75-90 declarada, por conduccion central con espacio y remate de media distancia de Verges. G-BLOQUE quedo DESACTIVADA porque el bloque de Manta es estructural con 23 partidos de rodaje, y eso subio el ISE del que atacaba: es la primera aplicacion registrada de esa regla de integracion. RECONCILIACION CON EL MOTOR: P1a igual a 1 confirmado sin correccion en los dos lados del partido, primera vez en el registro que un P1a cualitativo valida en ambos equipos. F2 CORREGIDO de 0 a 0.5 porque el motor da 5 dias al siguiente partido (ORE V mu 1.16 5d) y no los 8 de descanso previo que se habian estimado, con lo que el bloque F sube de 0.375 a 0.50 y el IE de 6.3 a 6.8. Tercera correccion consecutiva de F2 por el motor sobre tres intentos: motivo de la disciplina 21. El gap diferencial ajustado era menos 0.57 a favor del visitante mientras mu daba al local favorito por 0.86: configuracion de TDE-014 repetida, y la prohibicion 1 del bloque P sigue vigente, la tendencia del gap NO entra al analisis del tramo final aunque el resultado la favorezca en retrospectiva. Aviso de procedencia: el snapshot del motor estaba mezclado, campos numericos pre-partido y tira de forma mas posicion post-partido, por eso Nivel B y no A.",PRE,,6.8,ciega,no,6.8,,normal,,,
TDE-022,RETRO,2026-08-10,LigaPro Serie A Ecuador 2026 Primera Etapa,F24,Manta FC,Deportivo Cuenca,V,B,0.50,0.33,0.50,0.50,4.6,38,30,52,5.9,ECHADA-VOL,75-90,no,,,no,no,,gano 2-1 de visitante,si,,,"compuerta 1 ACTIVADA sin efecto numerico (P1a igual a 0 topea el bloque P en 0.5, el promedio ya daba 0.5) - compuerta 2 ACTIVADA (C1 igual a 0 topea S2 en 0.5) - compuerta 3 ACTIVADA (P4 a 0.5, crisis institucional que no llega al vestuario) - regla n/a de S3 APLICADA porque F4 igual a 0 y C1 igual a 0, S promediado sobre S1 y S2",3.3,28,40,no,no,6ind,4.6,hecho,"RETRO CIEGO: NO acredita credito predictivo. Se puso 1-0 al 15, le empataron al 44 y gano al 84 sin partirse en ningun momento. QUINTA confirmacion de la leccion de TDE-001, TDE-011, TDE-013 y TDE-015: repliegue entrenado con C1 igual a 0 y rodaje suficiente sostiene los 90 minutos y manda P(fractura) a la banda baja. Las tres compuertas y la regla n/a de S3 operaron apiladas, cuarto caso del registro con ese perfil de equipo. P1a igual a 0 confirmado por el motor sin correccion (mu_partido 0.97 contra 1.83). F2 igual a 0.5 confirmado y doblemente justificado: el motor da 4 dias al siguiente partido (LEO L mu 1.27 4d) mas el viaje desde el nivel del mar a 2560 metros. SOB1 se puntuo 0.5 y no 1 aplicando la disciplina 18, con la tabla y no con el adjetivo de la previa: ultimo con 14 puntos y cinco fechas, de visitante rescata y apuesta en casa contra Leones. HALLAZGO QUE CIERRA EL CUADRANTE 11 CON SIGNO OPUESTO: en TDE-016 el visitante con ventaja administro y cancelo la sobreexposicion del local, aca no administro y la castigo. Con los dos signos observados la interaccion entre vias deja de ser candidata a coeficiente de forma estructural y no temporal, ver disciplina 14 reescrita en v0.1.7.",PRE,,4.6,ciega,no,4.6,,normal,,,
TDE-023,RETRO,2026-08-10,Liga de Primera Chile 2026,F18,Audax Italiano,Nublense,L,B,0.25,0.67,0.83,0.50,5.3,50,48,45,10.8,SOB,75-90,no,,SOB (vehiculo no modelado: penal de VAR),no,no,90+2,empato 2-2 de local,si,ver hueco 90 mas,parcial,"compuerta 1 evaluada y NO activada (P1a igual a 0.5, escenario abierto por mu 1.39 contra 1.35 con localia corregida) - compuerta 2 NO aplica (C1 igual a 1, sin repliegue ensayado) - compuerta 3 APLICADA con desdoble (P4 a 0.5, publico hostil y presion mediatica que no llegan al vestuario) - regla n/a de S3 NO aplica (Audax presiona de forma selectiva, F4 igual a 0.5) - regla especial F NO aplica (F1 igual a 0) - advertencia de escala completa ACTIVA - advertencia de banda 5-7 ACTIVA (IE 5.3, y comparte C1 igual a 1 con los cuatro casos de esa banda que no se echaron)",6.7,60,45,si,parcial,6ind,5.3,hecho,"RETRO CIEGO declarado despues del partido: NO acredita credito predictivo, si entra a las tasas de frecuencia. Riesgo del tramo final tomado por la via 2 (27 por ciento) sobre la via 1 (10.8), tipo modal SOB, ventana 75-90. P1a EN EL BORDE DEL UMBRAL: mu_partido 1.39 contra 1.35, y con la correccion de localia sudamericana al punto medio del rango declarado (mas 0.22) el margen queda en mas 0.26, dentro de 0.30, luego P1a igual a 0.5 escenario abierto. Con el extremo alto del rango (mas 0.35, coeficiente peruano) el margen sube a mas 0.39, cruza el umbral, P1a pasa a 1 y el IE sube de 5.3 a 5.7. Chile no tiene coeficiente propio declarado en la rubrica y el umbral de 0.30 sigue prestado de los umbrales del gap. Declarado por exigencia de v0.1.4. PROCEDENCIA DEL DATO, nivel B: el snapshot del motor estaba CONTAMINADO POST-PARTIDO. La tira de forma de ultimos 5 incluye el propio 2-2 de esta fecha como la D mas reciente en los dos equipos, y los proximos arrancan en la fecha 19. mu_partido si es valido porque se calcula con niveles previos, y los campos de proximos si son validos para F2 porque listan los partidos posteriores a esta fecha. Los dias de descanso PREVIOS no estan en el snapshot y se tomaron del calendario (9 dias desde F17), declarado como dato de fixture y no de motor. Trampa 1 de la disciplina de P1a, primera vez que se detecta antes de puntuar y no despues. P(gol|fractura) BAJADA de la banda alta por defecto (50-65) a 45 con justificacion explicita segun exige v0.1.7: Nublense presento cero delanteros nominales y su maximo goleador acumula 3 goles en 16 fechas, no hay referencia de area que castigue una fractura. CIERRE: Audax NO se echo, metio a Pizarro al 83 y siguio al frente, y el penal del 90+10 lo gana un delantero suyo dentro del area rival. SI se expuso y SI concedio en el tramo, pero el vehiculo fue una mano sancionada por VAR y no la transicion que el ISE modela, por eso tipo_acertado parcial. HUECO DECLARADO Y NO CORREGIDO, ventana 90 mas: el modulo trabaja con seis ventanas de 15 minutos que terminan en el 90 y este partido tuvo una septima de doce minutos donde se jugaron los dos goles (90+2 y 90+10). Ningun modulo del SAD representa el gol concedido en tiempo anadido por evento arbitral. Analogo estructural al hueco de la roja al arquero de TDE-019: el resultado observable coincide con lo declarado pero por un mecanismo que ninguna capa modela. CANDIDATO DECLARADO Y NO APLICADO: ventana 90 mas con duracion endogena estimada desde eventos contables (revisiones de VAR, goles, cambios, atenciones) en lugar de numero fijo, y funcionando como AMPLIFICADOR de la via ya activa y no como via nueva. Aca pegaba en los dos lados. Sub-hipotesis publicable: la administracion del reloj del que va ganando GENERA el anadido que despues tiene que sobrevivir, mecanismo cerrado y falsable que encaja en la ficha de ECHADA-VOL. No se aplica con un caso y porque introducir una ventana nueva mueve las ventanas modales de todo el registro, con un MAE ya sesgado tardio seis veces seguidas. NO SE CODIFICA sesgo arbitral como variable: en este partido el anadido perjudico al que iba ganando (Nublense marco al 90+2 y Audax empato al 102), y una variable de parcialidad asumida en vez de medida se convierte en el termino que absorbe todos los fallos del modulo, que es la disciplina 9 con nombre nuevo. Via de test correcta si se quiere abrir: dataset a nivel arbitro con anadido concedido e intervenciones de VAR, partido a partido, separado por local y visitante, contra la media de liga. OBSERVACION EXTERNA A REGISTRAR, no medida: el usuario reporta haber visto en Liga MX partidos con dos y tres goles en tiempo anadido. Si el fenomeno tiene densidad de liga, la ventana 90 mas deja de ser un caso de borde y pasa a ser un tramo con tasa propia. Anotado como hipotesis a testear con conteo de goles por minuto en Liga MX contra Liga de Primera Chile y Liga 1 Peru, NO como evidencia.",PRE,,5.3,ciega,no,5.3,,normal,,,
TDE-024,RETRO,2026-08-10,Liga de Primera Chile 2026,F18,Nublense,Audax Italiano,V,B,0.375,0.00,0.33,0.50,3.0,20,18,55,2.0,ECHADA-VOL,75-90,no,,repliegue controlado,no,no,90+10,empato 2-2 de visitante,si,ver hueco 90 mas,si,"compuerta 1 evaluada y NO activada (P1a igual a 0.5) - compuerta 2 ACTIVADA (C1 igual a 0 topea S2 en 0.5) - compuerta 3 evaluada y NO activada (P4 igual a 0, ambiente sano) - regla n/a de S3 APLICADA (F4 igual a 0 y C1 igual a 0, S promediado sobre S1 y S2) - regla de asimetria verificada contra TDE-023 - advertencia de escala completa ACTIVA",1.7,15,55,no,no,6ind,3.0,hecho,"RETRO CIEGO: NO acredita credito predictivo. IE 3.0 e ISE 1.7, los dos indices mas bajos del registro para un mismo equipo. SEXTA confirmacion de la leccion de TDE-001, TDE-011, TDE-013, TDE-015 y TDE-022: repliegue entrenado con C1 igual a 0 y rodaje suficiente sostiene el tramo final y manda P(fractura) a la banda baja. El 3-5-2 de Ribera lleva rodaje continuo desde febrero, C1, C2 y C3 los tres en 0, bloque C igual a 0.00, primer bloque C en cero limpio del registro. Con C1 igual a 0 esto NO es una echada sino un bloque bajo estructural ejecutado a proposito, y el modulo debe reportar riesgo bajo aunque la altura de linea sea identica. Distincion central del skill respetada. COMPUERTA 2 ACTIVADA (C1 igual a 0 topea S2 en 0.5) - REGLA n/a DE S3 APLICADA porque F4 igual a 0 y C1 igual a 0, S promediado sobre S1 y S2 - compuerta 1 evaluada y NO activada (P1a igual a 0.5) - compuerta 3 evaluada y NO activada (P4 igual a 0, ambiente sano). REGLA DE ASIMETRIA CUMPLIDA: Audax por sobreexposicion y Nublense por echada voluntaria, vias distintas en equipos distintos, que es lo que la rubrica espera de un cruce. S1 puntuado 0.5 y no 1 pese al antecedente de 23 faltas en el H2H de febrero: una sola observacion no sostiene el criterio de 15 mas faltas por partido de la rubrica. Se declara la duda porque S1 es el unico indicador que puede invalidar el resto (disciplina 16) y esta subponderado hasta la irrelevancia (candidato abierto desde v0.1.6). Con S1 igual a 1 el bloque S sube a 0.75 y el IE de 3.0 a 3.2, sin cambio de banda. F1 igual a 0.5 por rotacion voluntaria de los dos delanteros nominales (Jeraldino y Tapia fuera de los 18) tres dias despues de la Copa Chile, heredado del F4 del EFE de la sesion. F2 igual a 0.5 con 6 dias de calendario mas viaje Chillan-Santiago sin cambio de altitud, y proximo etiquetado duro por el motor (UNI L mu 1.81 5d), campo valido pese a la contaminacion del snapshot. CIERRE: Nublense NO se partio. Replegó ordenado, metio un central al 67 y cerro con doble cambio al 93. Concedio penal por falta dentro del area en el minuto 102: repliegue controlado que comete falta, NO fractura. La distincion importa porque un cierre perezoso la registraria como echada confirmada y contaminaria la tasa. REGLA DE INTERACCION ENTRE VIAS declarada y SIN coeficiente: Nublense administra por identidad, 7 empates en 16 fechas, lo que en principio cancela parte de la sobreexposicion de Audax. Aca no la cancelo del todo, Audax concedio en el tramo. Tercer caso con la interaccion observada y sigue con los dos signos, la prohibicion estructural de la disciplina 14 se mantiene. MISMO HUECO DE VENTANA 90 MAS QUE TDE-023: los dos goles del tramo cayeron fuera de las seis ventanas de la rubrica. Ver la anotacion completa en la leccion de TDE-023, incluida la observacion no medida sobre densidad de goles en tiempo anadido en Liga MX.",PRE,,3.0,ciega,no,3.0,,normal,,,
TDE-025,PRE,2026-08-13,Copa Sudamericana 2026,Octavos ida,Cienciano,Botafogo,L,B,0.667,0.667,0.583,0.667,6.5,58,48,60,16.7,SOB,75-90,no,,rama abandonada - marcador resuelto al minuto 30,no,no,,gano 6-1 de local,n/a rama abandonada,n/a rama abandonada,n/a rama abandonada,"compuerta 1 evaluada y NO activada (P1a igual a 1 tras el motor) - compuerta 2 NO aplica (C1 igual a 1) - compuerta 3 APLICADA con desdoble (P4 igual a 0.5, sancion al DT sin efecto en vestuario) - regla n/a de S3 NO aplica (F4 igual a 1) - regla especial F NO aplica - regla de adelanto por S3 con P1a igual a 1: tipo secundario ECHADA-PSI y adelanto de una sola ventana, 45-60 - regla de asimetria verificada contra TDE-026 - advertencia de escala completa ACTIVA - advertencia de banda 5-7 ACTIVA en el borde (6.96)",8.3,75,58,no,no,6ind,6.5,hecho,"PRE declarado antes del pitazo. NO acredita ni desacredita: clase rama_abandonada. Cienciano se puso 1-0 al minuto 18 y 3-0 al 30, y el escenario que el ISE 8.3 describia -0-0 estirado pasado el 65 con los dos laterales arriba- NUNCA se presento. SOB1 se anulo a los 18 minutos. La fila no puede contarse como acierto (el equipo no se expuso) ni como fallo (nunca hubo ocasion de exponerse): es acierto_no_testeado de manual, disciplina 17. RECONCILIACION CON EL MOTOR antes del partido: F2 de sin dato a 1 (siguiente partido a 2d, proximos etiquetados duro 1.15) y P1a de 0.5 cualitativo a 1 (mu 1.43 contra 1.31, localia peruana corregida a 1.778, margen 0.468 sobre umbral 0.30). IE declarado 6.5, recomputado 6.96. Filas declaradas intactas. P1a CUALITATIVO FALLO: se puntuo 0.5 por escenario abierto y el numero decia 1. Ver disciplina 26. LO QUE SI ACERTO Y NO ES DEL TDE: la via de gol primaria declarada en el M2 del DTP -centro al area contra un arquero sin partidos en la categoria ni experiencia en altura- produjo 4 de los 6 goles (18 cabezazo tras centro de Hohberg, 20 segunda jugada tras pase de cabeza de Amondarain, 30 error directo de Warleson, 78 cabezazo tras centro de Souza). El mismatch nombrado en el mapa de duelos fue el mecanismo literal del partido. Eso valida B6, F2c y GK-DOWNGRADE del EFE y el M2 del DTP, no el TDE. FACTOR-X funciono como esta disenado: Succar declarado como variable no capturada por las K por reemplazar al goleador suspendido, hat-trick. No predijo; amplio el rango, y el rango se materializo al alza.",PRE,,6.5,ciega,si,6.5,6.96,rama_abandonada,,,
TDE-026,PRE,2026-08-13,Copa Sudamericana 2026,Octavos ida,Botafogo,Cienciano,V,B,0.167,0.667,0.583,0.500,4.4,38,48,48,8.8,ECHADA-VOL,75-90,no,,"roto temprano - 4 goles antes del 36, no echada",si pero no por echada,no,62 y 78 concedidos por sobreexposicion propia,perdio 1-6 de visitante,n/a rama abandonada,"0 ventanas en las dos lecturas, sin credito por rama abandonada",no,"compuerta 1 ACTIVADA SIN EFECTO NUMERICO (P1a igual a 0 topea P en 0.5 y el promedio ya daba 0.5, igual que TDE-022) - compuerta 2 NO aplica (C1 igual a 1) - compuerta 3 APLICADA con desdoble (P4 igual a 0.5, recuperacion judicial sin impago) - regla n/a de S3 NO aplica (C1 igual a 1) - advertencia de escala completa ACTIVA - advertencia de banda 5-7 PASA A ACTIVA tras el motor (4.95)",1.7,15,45,si tras el 4-1,si (62 y 78),6ind,4.4,hecho,"PRE declarado antes del pitazo. NO acredita ni desacredita: clase rama_abandonada. NO SE ECHO: SE ROMPIO. Concedio 4 goles antes del minuto 36, y la disciplina 3 es explicita en que un equipo goleado no esta replegado sino roto. El estado dejo de ser echada a los 30 minutos, asi que el ECHADA-VOL declarado para la ventana 75-90 nunca tuvo escenario. NO entra al numerador de echadas ciegas observadas, que sigue en 1. Contarlo inflaria la tasa con un caso que por definicion del propio skill no es una echada. OBSERVACION SIN CREDITO: los goles del tramo cayeron al 62 y al 78, dentro de la ventana secundaria 60-75 y de la modal 75-90. Las dos ventanas coincidieron y el tipo fue errado. No se computa como acierto de ventana porque la rama estaba abandonada, pero se anota porque el sesgo tardio del registro lleva seis casos consecutivos y este no lo agrava. MECANISMO REAL: sobreexposicion del que pierde. Botafogo descuenta al 49 de tiro libre -la via 1 declarada para el, con ejecutor equivocado porque Alex Telles no fue titular-, se vuelca, mete a Santiago Rodriguez y Edenilson al 64, y concede al 62 y al 78. Su ISE declarado era 1.7 con SOB1 igual a 0 porque le servia el empate; a los 30 minutos SOB1 pasaba a 1 y el modulo NO tiene mecanismo para reasignar la via cuando el marcador se da vuelta temprano. Hueco declarado, ver disciplina 24. RECONCILIACION CON EL MOTOR: F2 de sin dato a 1 (2d al siguiente partido mas viaje Rio-Cusco de 0 a 3400 msnm) y P1a de 0.5 a 0 (mu 1.31 contra 1.778 corregido, margen mayor a 0.30), lo que activo la compuerta 1 SIN efecto numerico -el promedio del bloque P ya daba 0.5-, misma configuracion que TDE-022. IE declarado 4.4, recomputado 4.95. XI DECLARADO INCORRECTO EN LA APERTURA: se dio por titulares a Alex Telles y Arthur Cabral y jugaron Marcal y Kadir Barria. La via 1 de gol de Botafogo (tiro libre de Telles) y su referencia de area no estaban en cancha, y el mapa de duelos M2 asigno un mismatch -Cabello contra Telles- que no existio. Fuente de XI probable de prensa peruana para club brasileno que viaja a altura: no fiable, verificar contra fuente brasilena. D3 IMPORTADO SIN CONTEXTO: P2 se puntuo 0.5 heredando el D3 parcial del EFE, sustentado en 4 partidos sin perder en el Brasileirao al nivel del mar. Se aplico a una eliminatoria continental a 3400 msnm. Ver disciplina 25.",PRE,,4.4,ciega,no,4.4,4.95,rama_abandonada,,,
TDE-029,PRE,2026-08-14,Liga Profesional Clausura 2026,F5,Racing Club,Banfield,L,B,0.875,0.833,0.833,0.167,7.30,70-90%,55-70%,50-65%,0.29,SOB,75-90,no,,SOB sin castigo,no,no,,0-1,"si (36% declarado, evento no ocurrido)",n/a - sin gol en el tramo final,"si - se expuso, no concedio",C3 (P4=0.5); C2 no opero (C1=1),8.33,70-90%,40-50%,si - 65 min empujando tras el 0-1,no,6ind,,no_requiere,"Premisa declarada (no estar en ventaja al 70) se cumplio, asi que la fila se cierra como normal y se expone a falsacion en vez de refugiarse en rama_abandonada pese a la condicion de abandono escrita por partido. Se expuso sin ser castigado: 5 situaciones claras generadas, 0 goles, 0 concedidos en el tramo. La via 2 fue la correcta y el 36% no se materializo.",PRE,,,ciega,no,,7.30,normal,Machado 25 (rebote de travesano tras cabezazo de Pais),ninguno,si - XI declarado = XI real
TDE-030,PRE,2026-08-14,Liga Profesional Clausura 2026,F5,Banfield,Racing Club,V,B,0.500,0.500,0.500,0.500,5.00,45-70%,25-40%,40-50%,0.08,ECHADA-VOL,75-90,si,25,ECHADA-VOL,no - nunca se desordeno,no,,1-0,excluida - rama_abandonada,excluida - sufrio en 75-90 sin conceder,"si en mecanismo, sobre premisa invertida","C1 (P1a=0, sin cambio); C2 (C1=0.5, sin cambio); C3 (P4=1); regla n/a de S3",3.33,25-45%,25-35%,no,no,6ind,,no_requiere,"Premisa invertida al minuto 25: P1a pasa de 0 a 1 y la compuerta 1 se aplico sobre un supuesto que dejo de valer a los 25 minutos. Ademas F1 se puntuo 1 (cero rotaciones) sobre un XI proyectado que resulto falso: nueve cambios tras el levantamiento de inhibiciones horas antes. C2, P2 y SOB2 apoyados en la misma lista. Excluida de toda metrica de frecuencia.",PRE,,,ciega,no,,5.00,rama_abandonada,"Machado 25 - refuerzo debutante, unica chance clara del equipo",ninguno concedido,"NO - 9 cambios respecto del XI proyectado; Sanguinetti al banco, Santilli al arco"
TDE-031,RETRO,2026-08-15,Torneo Clausura 2026 Paraguay,F5,Guarani,Rubio Nu,L,B,0.625,0.500,0.917,0.500,6.42,60,40,45,10.8,SOB,75-90,no,,SOB - persiguio desde el 0-3 con 68% de posesion,no,no,,perdio 2-3 de local,"n/a - caso contaminado, seleccion post_resultado",n/a - no concedio en el tramo final; convirtio al 66 y al 78,"si en mecanismo (SOB), SIN CREDITO por contaminacion","compuerta 1 NO opero (P1a=1) - compuerta 2 NO aplica (C1=1) - compuerta 3 APLICADA con desdoble (P4=1, crisis que toca al plantel: capitan apartado y cruce de vestuario) - regla n/a de S3 NO aplica (C1=1) - regla especial F NO aplica (F1=0) - advertencia de escala completa ACTIVA - advertencia de banda 5-7 ACTIVA - bandera ARQUERO-NUEVO ACTIVA (agravante declarado sobre p_fractura, sin coeficiente)",10.0,78,45,si - los 45 minutos finales persiguiendo,no,6ind,,no_requiere,"CASO CONTAMINADO. La busqueda del XI confirmado devolvio el marcador antes de puntuar el primer indicador. NO acredita ni desacredita: seleccion post_resultado, excluido de toda metrica de frecuencia, banda, ventana y Brier. VIA CORRECTA, SIN CREDITO: el tipo modal SOB describio bien el mecanismo - Guarani persiguio con 68% de posesion y un solo pivote - pero el 35% de riesgo compuesto de la via 2 no se materializo en gol concedido, que es lo que pasa el 65% de las veces. RECONCILIACION CON EL MOTOR: F2 de sin dato a 1 (3 dias entre la Copa Paraguay del 12 y este partido, dato de fixture nivel B, el motor no trae la tarjeta de proximos de Guarani), bloque F de 0.500 a 0.625, IE de 5.98 a 6.42. La caja de sensibilidad publicada anticipaba 5.54 a 6.42 y el recomputado cayo en el extremo superior EXACTO: segundo caso consecutivo a favor de declarar el hueco y publicar el rango, ver disciplina 32. P1a CONFIRMADO POR EL MOTOR: mu 1.98 contra 0.80, margen 1.35, mas de cuatro veces el umbral de 0.30; corregido por localia sudamericana el margen se ensancha. Primera coincidencia del P1a cualitativo con el motor en los dos equipos del mismo cruce, credito para el procedimiento de la disciplina 26 y no para el ojo. GAP NO USADO: el motor daba gap +0.10 equilibrio para Guarani y +0.91 fuerte para Rubio Nu; la disciplina 12 lo bloquea, horizonte de 5 partidos contra una ventana de 15 minutos. SNAPSHOT VERIFICADO LIMPIO: la tira de forma de ultimos 5 (1.40 pts) no incluye este partido. HALLAZGO DE RUBRICA: la bandera ARQUERO-NUEVO nace de esta fila. El arquero titular y capitan Gaspar Servio fue apartado del plantel por conflicto interno tras la eliminacion de Copa Paraguay ante Sportivo Iteno (Primera B) cuatro dias antes, y debuto Antonino Martinez. C2 mide coordinacion linea-volantes y no cubre el arco; hubo que subir p_fractura dentro de la banda y explicarlo en prosa.",RETRO,,,post_resultado,no,,6.42,normal,C. Gimenez 45 (asistencia V. Cabanas),"ninguno concedido - convirtio J.M. Garcia 66 y Anasco 78, ambos asistidos por Cespedes",si - XI declarado = XI real
TDE-032,RETRO,2026-08-15,Torneo Clausura 2026 Paraguay,F5,Rubio Nu,Guarani,V,C,0.500,1.000,0.500,0.667,6.47,60,65,50,19.5,ECHADA-SUP,30-45,si,54,"ECHADA-VOL sobre ventaja inesperada, no ECHADA-SUP","parcialmente - concedio dos, sostuvo el tercero hasta el 90+6",si,66 y 78,gano 3-2 de visitante,"n/a - caso contaminado, seleccion post_resultado","ANOTADO Y NO COMPUTADO - declarada 30-45, real 60-75 y 75-90 (error +2 y +3, direccion TEMPRANA). Seria el primer error temprano del registro tras seis tardios consecutivos. No se computa: contaminacion.",no - se declaro ECHADA-SUP por la regla de adelanto y el mecanismo real fue ECHADA-VOL sobre ventaja obtenida,"compuerta 1 ACTIVADA CON EFECTO NUMERICO (P1a=0 topea el bloque P de 0.583 a 0.5, IE de 6.67 a 6.47) - compuerta 2 NO aplica (C1=1) - compuerta 3 APLICADA con desdoble (P4=1, cese del DT en la semana) - regla n/a de S3 NO aplica (exige F4=0 Y C1=0, y C1=1) - regla de adelanto por S3 APLICADA (S3=1 con P1a=0, tipo ECHADA-SUP y adelanto de dos ventanas) - advertencia de escala completa ACTIVA - advertencia de banda 5-7 ACTIVA",3.33,32,45,no,no,6ind,,no_requiere,"CASO CONTAMINADO, seleccion post_resultado, excluido de toda metrica. SE CIERRA COMO normal Y NO COMO rama_abandonada, pese a que la premisa de la fila (P1a=0, no tiene nada que proteger, compuerta 1 activada con efecto) se INVIRTIO al minuto 45. Disciplina 27: cuando una fila queda a caballo entre las dos lecturas se cierra como normal y se expone a la falsacion, porque rama_abandonada excluye de las metricas y usarla de mas blinda filas. Ademas la via declarada SI se materializo: el equipo replego tras el 3-0 y concedio dos en el tramo final, que es exactamente lo que la via 1 describia. Lo que fallo fue el TIPO (ECHADA-VOL sobre ventaja, no ECHADA-SUP) y la VENTANA. F1 Y C2 DECLARADOS SIN DATO por cambio de entrenador tres dias antes: Javier Torrente acordo el 12.08 tras el cese de Felipe Giménez, y las listas de probables reflejaban el habito del DT saliente. Es la extension de la disciplina 28 que esta fila motiva, ver disciplina 30. El bloque F quedo con dos de cuatro indicadores y su rango va de 5.59 a 7.35: es el unico caso del registro donde el hueco de datos hace CRUZAR la banda por arriba, y por eso la caja de sensibilidad pasa a obligatoria. P1a CONFIRMADO POR EL MOTOR: mu 0.80 contra 1.98, el mas bajo por mas de 0.30. F2 = 0.5 con el motor: proximo rival mu 0.48 etiquetado duro pero a 10 dias, tension declarada entre la etiqueta que empuja arriba y la separacion que elimina el incentivo a reservarse. SOB1 = 0.5 CON CONTRADICCION DECLARADA: P1c=1 (descenso mas cese) empuja el criterio a 1, la tabla (visitante al que el empate le sirve) empuja a 0. Candidato de rubrica abierto.",RETRO,,,post_resultado,no,,6.47,normal,C. Gimenez 45 (asistencia V. Cabanas),concedidos 66 (J.M. Garcia) y 78 (Anasco); penal anulado por VAR a favor al 88,"si - XI declarado = XI real, pero declarado sin dato en F1 por falta de los XI previos"
TDE-033,CERRADO,2026-08-16,Liga Profesional Argentina Clausura,F5,Sarmiento de Junin,Huracan,local,motor+web,0.25,0.50,0.333,0.50,3.73,35%,38%,80%,10.6%,SOB,75-90,no,,ninguno,no,no,,Sarmiento 2-0 Huracan,no computable,no computable,no computable,Compuerta 1 EVALUADA y NO activada (P1a=0.5) - Compuerta 2 ACTIVADA (C1=0.5 topea S2 en 0.5; sin efecto numerico) - Compuerta 3 aplicada (P4=0) - regla n/a de S3 NO aplica (C1=0.5) - regla especial F NO aplica,5.0,35%,50%,no,no,6ind,3.73,hecho,PREMISA ROTA SEGUN LO PRE-DECLARADO. La condicion de abandono se escribio por via y nombrando la premisa - Sarmiento no esta en ventaja al minuto 70 - y Sarmiento fue ganador desde el 30 con el gol de Marabel. La fila se abandona en su via SOB tal como estaba escrito y el mecanismo migra a ECHADA-PSI. NO SE ECHO Y ADEMAS AMPLIO: el 2-0 lo hizo Lucas Suarez a los 86 con asistencia del suplente Gaston Gonzalez; un lateral izquierdo convirtiendo a los 86 es lo contrario de un equipo replegado. C3 SUMA UNA TERCERA VENTAJA SOSTENIDA en el Clausura. VALIDACION DEL PROCEDIMIENTO NO DEL OJO: lo que funciono fue la disciplina 27 - escribir la condicion por via y nombrando la premisa - no la estimacion. Excluida de toda metrica de frecuencia.,PRE,,,ciega,,,,rama_abandonada,Marabel 30,Suarez 86,NO en la declaracion - confirmado despues: Elian Gimenez por Zabala; Zabala ausente del banco
TDE-034,CERRADO,2026-08-16,Liga Profesional Argentina Clausura,F5,Huracan,Sarmiento de Junin,visitante,motor+web,0.25,0.667,0.25,0.50,3.92,35%,50%,70%,12.3%,SOB,75-90,no,,ECHADA-NUM + SOB compuestos,no,no,86,Huracan 0-2 Sarmiento,si (no se echo),0 ventanas (NO COMPUTABLE),parcial (NO COMPUTABLE),Compuerta 1 EVALUADA y NO activada (P1a=0.5) - Compuerta 2 NO activada (C1=1) - Compuerta 3 aplicada (P4=0) - regla n/a de S3 NO aplica (F4=0.5) - regla de adelanto por S3 NO aplica (S3=0),5.0,35%,35%,si,si,6ind,3.92,hecho,"VIA 1 COMPUTABLE Y CORRECTA: se declaro 35% de echada y Huracan no se echo en ningun momento. VIA 2 ACERTADA Y NO COMPUTABLE: se declaro SOB con ventana 75-90 y el gol del tramo final cayo al 86 - error de cero ventanas - pero a los 66 Jordy Caicedo fue expulsado por conducta violenta y la disciplina 24 prohibe cobrar el acierto de ventana cuando entra un mecanismo que la fila no declaro. Se registra como acierto no computado y se declina el credito. HALLAZGO MAYOR - LA DISCIPLINA 16 ESTA MAL ESPECIFICADA: dice que un equipo con un hombre menos y en desventaja no compra riesgo sino que lo evita y que el ISE debe leerse como anulado. Huracan quedo con diez y perdiendo 0-1 al minuto 66 y no pudo evitar nada: siguio persiguiendo obligado y concedio a los 86. La regla nacio de TDE-019 donde el expulsado iba empatando y podia elegir resistir. CANDIDATO DECLARADO Y NO APLICADO: desdoblar la disciplina 16 por marcador al momento de la roja - roja yendo empatado o ganando migra a ECHADA-NUM con ISE anulado; roja yendo perdiendo NO anula el ISE sino que lo agrava porque el equipo no puede dejar de perseguir. Un solo caso: no entra. S1 ACERTO EN EL INDICADOR Y FALLO EN EL MECANISMO: se puntuo 1 citando tres expulsiones previas en la temporada y llego la cuarta, pero se nombro a Lescano como agravante por ser lateral improvisado con antecedente y la roja fue de Caicedo por conducta violenta - la rubrica de S1 esta redactada sobre faltas y corte tactico y no describe la violencia. Es el mismo defecto ya declarado de S1. AGRAVANTE NO MODELADO: el expulsado era el goleador del torneo y la unica referencia de area, con el equipo necesitando dos goles.",PRE,,,ciega,si (via 2),,,normal,Marabel 30,Suarez 86,NO en la declaracion - confirmado despues: Lescano de lateral izquierdo y Palazzo de central; Gil sustituido por O. Romero al minuto 9
TDE-043,DECLARADO,2026-08-23,Liga 1 Peru Clausura,F6,Sport Boys,Cienciano,L,A,0.50-0.75,0.500,0.583,0.500,5.20-6.08,52%,38%,60%,11.9%,ECHADA-PSI,60-75 (secundaria SOB 75-90),no,,n/a - partido resuelto antes del descanso,no,no,,gano 5-1 de local; recibio al 14 y metio 3 antes del entretiempo,n/a rama abandonada,n/a rama abandonada,n/a rama abandonada,compuerta 1 evaluada NO activa (P1a=1); compuerta 2 ACTIVA (C1=0.5 topea S2) sin efecto numerico porque S2=0; compuerta 3 aplicada (P4=0.5),3.33,30%,45% (35 con rival administrando / 48 sin),no,no,6ind,,no_requiere,"PRE ciego declarado con onces confirmados y motor verificado contra la FICHA MINIMA. CIERRE: rama_abandonada, NO acredita ni desacredita. El partido se resolvio antes del descanso (0-1 al 14, 3-1 al 45) y el objeto del modulo es el tramo final: disciplinas 3 y 29. IE declarado como RANGO 5.20-6.08 por F3 sin dato (disciplina 32) y por eso la celda IE no es un punto: no se publica el punto medio. La caja no cruzo banda pero movia el compuesto de 11.0 a 12.9. LO QUE ACERTO Y NO ES DEL TDE: P2=0 heredando el D3 verde del EFE se valido de forma espectacular -el equipo recibio al 14 y metio tres antes del entretiempo-, y la disciplina de v0.1.14 que prohibe bajar P(gol|fractura) del default por rival poco goleador salvo el unico numero salvable: se publico 55% sobre un equipo que habia vendido a su goleador y que metio cinco. FALLO DE LECTURA DECLARADO: el nueve funcional fue Erustes y el analisis construyo toda su narrativa sobre Cueva como falso nueve leyendo el grafico de alineacion; Cueva salio al 59 y Erustes hizo cuatro. Erustes era ademas un cedido llegado para el Clausura con antecedente goleador en otro club, es decir el perfil literal de FACTOR-X del EFE, y no fue marcado -si lo fueron Cueva, Trauco y Celi, y dos de esos tres participaron del quinto gol. AVISO DE EMISION: la declaracion se escribio despues del pitazo inicial sin ninguna informacion del partido en curso; se marca ciega y PRE y se declara aqui por disciplina 31. Como la fila cierra rama_abandonada, no altera ninguna metrica.",PRE,,,ciega,si - via 1 y via 2 sin escenario,,,rama_abandonada,Garces 14 (0-1) y Erustes 22 (1-1),ninguno - 5-1 cerrado al 64,si
TDE-044,DECLARADO,2026-08-23,Liga 1 Peru Clausura,F6,Cienciano,Sport Boys,V,A,0.500,0.833,0.333,0.667,5.69,55%,68%,55%,20.6%,SOB,75-90 (secundaria ECHADA-FIS 60-75),no,regimen de sobreexposicion del 14 al 45,SOB del 14 al 45 y fractura desde el 45,"si - despues de la sobreexposicion, no antes","si - 55 y 64, fuera del tramo final","22, 31, 45 por sobreexposicion; 55 y 64 con la linea ya partida",perdio 1-5 de visitante; marco al 14 y concedio 5,n/a rama abandonada,"declarada 75-90, regimen real 14-45","si en mecanismo (SOB), SIN CREDITO por rama abandonada","compuerta 1 ACTIVA (P1a=0) sin efecto numerico, promedio del bloque P ya en 0.333; compuerta 2 NO activa (C1=1); compuerta 3 aplicada (P4=0.5)",6.67,52%,45% (35 con rival administrando / 48 sin),si - marco al 14 y no bajo lineas hasta el 45,si - tres goles concedidos por el mismo mecanismo entre el 22 y el 45,6ind,,no_requiere,"PRE ciego declarado con onces confirmados y motor verificado. CIERRE: rama_abandonada, NO acredita ni desacredita. NO SE ECHO: SE EXPUSO Y DESPUES SE ROMPIO. SECUENCIA CONFIRMADA POR EL USUARIO: los tres primeros goles del rival (22, 31, 45) fueron por SOBREEXPOSICION -el equipo marco al 14 y no bajo lineas- y los dos siguientes (55 y 64) ya con la linea partida. Es la primera fila del registro donde las dos vias operan en secuencia dentro del mismo partido. ACIERTO DE TIPO SIN CREDITO: el tipo modal declarado fue SOB y el mecanismo fue SOB. ERROR DE VENTANA: se declaro 75-90 y el regimen corrio del 14 al 45. Origen del error identificado: SOB1 se puntuo 0.5 sobre el supuesto de que la necesidad emergeria tarde, y el equipo se expuso estando en VENTAJA, que es un objeto que el indicador no mide -mide voluntad de exponerse, no incapacidad de dejar de estarlo-. Ver disciplina 44. CONFIGURACION DUAL: IE 5.69 e ISE 6.67. Es el octavo dual del registro y el PRIMERO con se_partio=si; los 7 cerrados previos tenian se_echo=0 y se_partio=0. Ver disciplina 43. ARQUERO-NUEVO activa por rotacion (Falcon por Espinoza): tercera activacion, primera con concesion multiple, sigue sin coeficiente. DISCIPLINA 36 declarada en el output y NO trasladada al numero: se escribio que las siete rotaciones movian el riesgo a coordinacion y el compuesto se dejo en 23.4%. Es la disciplina 33 otra vez, nombrar el mecanismo y no mover la cifra. CANDIDATO OBJETIVO-COBRADO: P3=1 leido como invita a administrar; el club venia de clasificar a cuartos de Sudamericana con record de ingresos y el comportamiento fue desconexion temprana, no administracion. Expulsion de un SUPLENTE al 41, sin representacion en S1. RIESGO DE GOLEADA declarado 8-12% siguiendo la banda base; primer contraejemplo directo de la banda y NO se mueve el numero, cuatro casos de respaldo contra uno en contra.",PRE,,,ciega,no,,,rama_abandonada,"Garces 14 (0-1); Erustes 22, 31 y 45","Celi 64 - con 4-1 previo, no computa por disciplina 29",si
TDE-045,PRE,2026-08-30,Clausura Peru 2026,F7,CD Moquegua,Alianza Atletico,L,B,0.375-0.625 (F1 sin dato),0.333,0.5,0.5,4.17-5.05,0.40,0.28,0.60,0.067,SOB,75-90,no,,"SOB hasta el 68, luego ECHADA-NUM por expulsion",si,no,24;56;61;90+1,1-4 (D),no,"fuera; goles del tramo al 56 y 61, el cuarto al 90+1 en anadido sin casillero (disciplina 23)",si,C2 activada; regla n/a S3 aplicada; C1 y C3 sin tope (pre-v0.1.18),5.0,0.40,0.55 / 0.40,si,si,6ind,,no_requiere,"Cinco de cinco estructural en el checklist y concedio tres goles: sus vallas invictas venian de partidos sin presion (disciplina 48). C3=1 diluido a C=0.333 por dos indicadores de insumo (disciplina 49, tope 0.60 -> IE 5.10-5.98). Septimo error de ventana consecutivo y septimo tardio con partido sin protector declarado (disciplina 50). Perfil de posesion importado de otro partido: cedio 77% en altura, aqui termino 351-300 en pases (disciplina 52).",PRE,,,ciega,no,,"sin cambio: margen mu 0.12 sin corregir y 0.23 corregido, ambos <0.30, P1a=0.5 en los dos casos",normal,24' (empate de Molina),90+1 (Del Castillo),si
TDE-046,PRE,2026-08-30,Clausura Peru 2026,F7,Alianza Atletico,CD Moquegua,V,B,0.375,0.833,0.25,0.333,4.46,0.35,0.60,0.50,0.105,SOB,75-90,no,,SOB; no replego en ningun momento,no,no,,4-1 (V),n/a,no testeada,si,ninguna (C1=1 anula compuerta 2; regla n/a S3 no aplica),5.0,0.40,0.45 / 0.35,si,no,6ind,,no_requiere,"Se expuso los 90 y no concedio: acierto de mecanismo sin escenario de riesgo (disciplina 17). El lateral derecho improvisado (C2=1) genero el unico gol en contra, con la asistencia declarada en el mapa de duelos. Tercer y cuarto gol por suplentes que entraron al 59 y al 76: via de sobreexposicion con banco fresco, correctamente declarada del lado rival.",PRE,,,ciega,si,,sin cambio: P1a=0.5 con y sin correccion de localia,normal,24' (empate de Molina),90+1 (Del Castillo),si
TDE-047,PRE,2026-09-12,Clausura Peru 2026,F9,Alianza Lima,Universitario,L,B,0.500,0.500,0.583,0.500,5.20,0.48,0.38,0.58,0.106,SOB,"75-90 (regimen declarado: inicio ~60, duracion ~30)",no,,SOB confirmado,no,no,,1-2 (D),n/a,"fuera de las seis ventanas: el gol del tramo cayo al 90+7, en anadido (disciplina 23)",si,compuerta 1 NO opero (P1a=0.5); compuerta 2 NO opero (C1=1); compuerta 3 opero (P4=0.5); regla n/a S3 NO aplica (F4=1); tope bloque C no aplica (C3=0),10.0,0.75,0.45 con rival administrando / 0.58 sin administracion - la condicion de interaccion NUNCA se presento: el rival no estuvo en ventaja entre el 77 y el final,si,si,6ind,,no_requiere,"ACIERTO DE MECANISMO, FALLO DE VENTANA Y DE ONCE. El gol concedido llego por la via declarada y con los tres componentes de SOB3 en la misma jugada: pelotazo largo (transicion), Valera ganando el duelo aereo (referencia de area) y Alzugaray definiendo (suplente fresco, habia entrado por Lapadula). REGIMEN MAL DERIVADO: declarado inicio ~60 y duracion ~30; real inicio minuto 16 (gol en contra con SOB1=1 desde el arranque) y duracion 81 minutos. Octavo error de inicio de ventana en la misma direccion. ONCE EQUIVOCADO: Cantero, declarado FACTOR-X y titular en las cuatro previas convergentes, NO jugo; entro Burlamaqui, nombre ausente de toda la investigacion previa. F1 y C2 se apoyaron en esa lista. Disciplina 28 materializada. ISE 10.0: cuarto del registro, segundo que concede (TDE-014 si, TDE-016 no, TDE-047 si) - el candidato de saturacion queda con un caso EN CONTRA. Mercado real de cierre con seis casas: dispersion 3.7 pts en local, 3.7 en empate, 2.9 en visitante; casa de menor margen Doradobet (5.2%) en el EXTREMO del visitante (4.33, la implicita mas baja, 23.1%) - segun el refinamiento de disciplina 51 eso seria desacuerdo informado, y apunto al lado equivocado: UN CASO EN CONTRA. Linea de mejores cuotas 2.10/3.25/4.33, margen 1.5%. Delta apertura-cierre SIN DATO. Falsador NO gatillado (la linea nunca se instalo en el ultimo tercio diez minutos continuos antes del 75): consistente con la via declarada.",PRE,,,ciega,no,,,normal,Valera 16' (abrio el marcador y fijo el guion),"Girotti 77' a favor; Alzugaray 90+7 en contra, FUERA de las seis ventanas",no
TDE-048,PRE,2026-09-12,Clausura Peru 2026,F9,Universitario,Alianza Lima,V,B,0.375,0.167,0.500,0.500,3.77,0.33,0.20,0.45,0.030,ECHADA-VOL,75-90,no,,repliegue de plan con 1-0 durante 61 minutos - por definicion del modulo NO es echada: bloque entrenado y sostenido,indeterminado_sin_video,no,,2-1 (V),n/a,"concedio al 77, dentro de la ventana declarada, pero en fase de repliegue de plan y no de echada",si,"compuerta 1 NO opero (P1a=0.5); compuerta 2 SI opero (C1=0 topea S2 de 1 a 0.5, IE de 3.86 a 3.77); compuerta 3 opero (P4=0.5); regla n/a S3 aplicada (F4=0 y C1=0); tope bloque C no aplica (C3=0)",3.33,0.30,0.45,no,no,6ind,,no_requiere,"CLASIFICACION HONESTA Y CONTRA MI PROPIO INTERES DE MEDICION: el gol del 77 NO se computa como echada. El bloque estaba clasificado estructural y probado, replego por plan con ventaja y sostuvo 61 minutos; el propio skill manda que un repliegue entrenado y sostenido no es una echada aunque la altura de linea sea identica. Marcarlo como echada para subir el contador de positivos ciegos de 1 a 2 seria corromper la definicion para acelerar el umbral de pesos. El contador de echadas ciegas observadas SIGUE EN 1. INDETERMINACION DECLARADA: sin video no puedo distinguir si la franja entre lineas se abrio (fractura) o si Velez simplemente ejecuto un pase bombeado excelente sobre una linea bien puesta. Es exactamente la discriminacion que el modulo no puede hacer sin tracking - disciplina 1. ONCE PARCIALMENTE EQUIVOCADO: jugo Quiroz, no Quispe; el FACTOR-X declarado no fue titular. Murrugarra si, acertado. El jugador decisivo fue Alzugaray, que estaba en mi tabla de plantilla como rotacion y no fue marcado como factor - el mecanismo vivia en el banco y F5 lo busco en el once. Falsador NO gatillado (nunca acumulo tres llegadas entre el 75 y el 90 con los dos carrileros arriba): consistente con la via declarada.",PRE,,,ciega,no,,,normal,Valera 16',"Girotti 77' en contra, dentro de la ventana declarada",no
